"Student number","Course code","Course year",Grade,"Number of credits"
1,MAST2009,1422835200,C,10
2,MAST2009,1422835200,B,10
3,TS501218,1422835200,A,10
4,TS501218,1422835200,A,10
5,TS501218,1422835200,B,10
6,BMRR4020,1422835200,A,5
7,MAST2009,1422835200,C,10
1,TS501218,1422835200,F,10
7,TS501218,1422835200,B,10
