"Student number","First name","Last name",DOB
1,Peter,Pan,703209600
2,Mary,Poppins,782092800
3,Mike,Wazowski,861494400
4,David,Dawson,693532800
5,Captain,Gantu,698716800
6,Grunkle,Stan,631152000
7,Li,Shang,640051200
